{"cameraMode":{"drawMode":0,"name":"Shaded","section":"Shading Mode"},"sceneLighting":false,"audioPlay":false,"sceneViewState":{"m_AlwaysRefresh":false,"showFog":true,"showSkybox":false,"showFlares":true,"showImageEffects":true,"showParticleSystems":true,"showVisualEffectGraphs":true,"m_FxEnabled":true},"in2DMode":false,"pivot":{"x":0.9312455654144287,"y":0.09949392080307007,"z":0.9769166707992554},"rotation":{"x":0.006024889647960663,"y":-0.8065789341926575,"z":-0.008219258859753609,"w":-0.5910511016845703},"size":1.364725112915039,"orthographic":false}