{"cameraMode":{"drawMode":0,"name":"Shaded","section":"Shading Mode"},"sceneLighting":false,"audioPlay":false,"sceneViewState":{"m_AlwaysRefresh":false,"showFog":true,"showSkybox":false,"showFlares":true,"showImageEffects":true,"showParticleSystems":true,"showVisualEffectGraphs":true,"m_FxEnabled":true},"in2DMode":false,"pivot":{"x":2.468709707260132,"y":1.3322099447250367,"z":-3.365119457244873},"rotation":{"x":0.11965715885162354,"y":-0.5075868368148804,"z":0.07142987847328186,"w":0.8502662181854248},"size":0.0007383571355603635,"orthographic":false}