{"cameraMode":{"drawMode":0,"name":"Shaded","section":"Shading Mode"},"sceneLighting":false,"audioPlay":false,"sceneViewState":{"m_AlwaysRefresh":false,"showFog":true,"showSkybox":false,"showFlares":true,"showImageEffects":true,"showParticleSystems":true,"showVisualEffectGraphs":true,"m_FxEnabled":true},"in2DMode":false,"pivot":{"x":-0.03445780277252197,"y":0.9295610189437866,"z":12.060162544250489},"rotation":{"x":0.06591874361038208,"y":-0.3622821569442749,"z":0.025695141404867173,"w":0.9293877482414246},"size":2.1892573833465578,"orthographic":false}